<?xml version="1.0" encoding="UTF-8" standalone="no"?>
<raConfiguration version="7">
  <generalSettings>
    <option key="#Board#" value="board.custom"/>
    <option key="CPU" value="RA6M3"/>
    <option key="#TargetName#" value="R7FA6M3AH3CFC"/>
    <option key="#TargetARCHITECTURE#" value="cortex-m4"/>
    <option key="#DeviceCommand#" value="R7FA6M3AH"/>
    <option key="#RTOS#" value="_none"/>
    <option key="#pinconfiguration#" value="R7FA6M3AH3CFC.pincfg"/>
    <option key="#FSPVersion#" value="3.5.0"/>
    <option key="#SELECTED_TOOLCHAIN#" value="gcc-arm-embedded"/>
    <option key="#ToolchainVersion#" value="10.3.1.20210824"/>
  </generalSettings>
  <raBspConfiguration>
    <config id="config.bsp.ra6m3.R7FA6M3AH3CFC">
      <property id="config.bsp.part_number" value="config.bsp.part_number.value"/>
      <property id="config.bsp.rom_size_bytes" value="config.bsp.rom_size_bytes.value"/>
      <property id="config.bsp.rom_size_bytes_hidden" value="2097152"/>
      <property id="config.bsp.ram_size_bytes" value="config.bsp.ram_size_bytes.value"/>
      <property id="config.bsp.data_flash_size_bytes" value="config.bsp.data_flash_size_bytes.value"/>
      <property id="config.bsp.package_style" value="config.bsp.package_style.value"/>
      <property id="config.bsp.package_pins" value="config.bsp.package_pins.value"/>
    </config>
    <config id="config.bsp.ra6m3">
      <property id="config.bsp.series" value="config.bsp.series.value"/>
    </config>
    <config id="config.bsp.ra6m3.fsp">
      <property id="config.bsp.fsp.OFS0.iwdt_start_mode" value="config.bsp.fsp.OFS0.iwdt_start_mode.disabled"/>
      <property id="config.bsp.fsp.OFS0.iwdt_timeout" value="config.bsp.fsp.OFS0.iwdt_timeout.2048"/>
      <property id="config.bsp.fsp.OFS0.iwdt_divisor" value="config.bsp.fsp.OFS0.iwdt_divisor.128"/>
      <property id="config.bsp.fsp.OFS0.iwdt_window_end" value="config.bsp.fsp.OFS0.iwdt_window_end.0"/>
      <property id="config.bsp.fsp.OFS0.iwdt_window_start" value="config.bsp.fsp.OFS0.iwdt_window_start.100"/>
      <property id="config.bsp.fsp.OFS0.iwdt_reset_interrupt" value="config.bsp.fsp.OFS0.iwdt_reset_interrupt.Reset"/>
      <property id="config.bsp.fsp.OFS0.iwdt_stop_control" value="config.bsp.fsp.OFS0.iwdt_stop_control.stops"/>
      <property id="config.bsp.fsp.OFS0.wdt_start_mode" value="config.bsp.fsp.OFS0.wdt_start_mode.register"/>
      <property id="config.bsp.fsp.OFS0.wdt_timeout" value="config.bsp.fsp.OFS0.wdt_timeout.16384"/>
      <property id="config.bsp.fsp.OFS0.wdt_divisor" value="config.bsp.fsp.OFS0.wdt_divisor.128"/>
      <property id="config.bsp.fsp.OFS0.wdt_window_end" value="config.bsp.fsp.OFS0.wdt_window_end.0"/>
      <property id="config.bsp.fsp.OFS0.wdt_window_start" value="config.bsp.fsp.OFS0.wdt_window_start.100"/>
      <property id="config.bsp.fsp.OFS0.wdt_reset_interrupt" value="config.bsp.fsp.OFS0.wdt_reset_interrupt.Reset"/>
      <property id="config.bsp.fsp.OFS0.wdt_stop_control" value="config.bsp.fsp.OFS0.wdt_stop_control.stops"/>
      <property id="config.bsp.fsp.OFS1.voltage_detection0.start" value="config.bsp.fsp.OFS1.voltage_detection0.start.disabled"/>
      <property id="config.bsp.fsp.OFS1.voltage_detection0_level" value="config.bsp.fsp.OFS1.voltage_detection0_level.280"/>
      <property id="config.bsp.fsp.OFS1.hoco_osc" value="config.bsp.fsp.OFS1.hoco_osc.disabled"/>
      <property id="config.bsp.fsp.mpu_pc0_enable" value="config.bsp.fsp.mpu_pc0_enable.disabled"/>
      <property id="config.bsp.fsp.mpu_pc0_start" value="0xFFFFFFFC"/>
      <property id="config.bsp.fsp.mpu_pc0_end" value="0xFFFFFFFF"/>
      <property id="config.bsp.fsp.mpu_pc1_enable" value="config.bsp.fsp.mpu_pc1_enable.disabled"/>
      <property id="config.bsp.fsp.mpu_pc1_start" value="0xFFFFFFFC"/>
      <property id="config.bsp.fsp.mpu_pc1_end" value="0xFFFFFFFF"/>
      <property id="config.bsp.fsp.mpu_reg0_enable" value="config.bsp.fsp.mpu_reg0_enable.disabled"/>
      <property id="config.bsp.fsp.mpu_reg0_start" value="0x00FFFFFC"/>
      <property id="config.bsp.fsp.mpu_reg0_end" value="0x00FFFFFF"/>
      <property id="config.bsp.fsp.mpu_reg1_enable" value="config.bsp.fsp.mpu_reg1_enable.disabled"/>
      <property id="config.bsp.fsp.mpu_reg1_start" value="0x200FFFFC"/>
      <property id="config.bsp.fsp.mpu_reg1_end" value="0x200FFFFF"/>
      <property id="config.bsp.fsp.mpu_reg2_enable" value="config.bsp.fsp.mpu_reg2_enable.disabled"/>
      <property id="config.bsp.fsp.mpu_reg2_start" value="0x407FFFFC"/>
      <property id="config.bsp.fsp.mpu_reg2_end" value="0x407FFFFF"/>
      <property id="config.bsp.fsp.mpu_reg3_enable" value="config.bsp.fsp.mpu_reg3_enable.disabled"/>
      <property id="config.bsp.fsp.mpu_reg3_start" value="0x400DFFFC"/>
      <property id="config.bsp.fsp.mpu_reg3_end" value="0x400DFFFF"/>
      <property id="config.bsp.fsp.hoco_fll" value="config.bsp.fsp.hoco_fll.disabled"/>
      <property id="config.bsp.common.main_osc_wait" value="config.bsp.common.main_osc_wait.wait_8163"/>
      <property id="config.bsp.fsp.mcu.adc.max_freq_hz" value="60000000"/>
      <property id="config.bsp.fsp.mcu.sci_uart.max_baud" value="20000000"/>
      <property id="config.bsp.fsp.mcu.adc.sample_and_hold" value="1"/>
      <property id="config.bsp.fsp.mcu.sci_spi.max_bitrate" value="30000000"/>
      <property id="config.bsp.fsp.mcu.spi.max_bitrate" value="30000000"/>
      <property id="config.bsp.fsp.mcu.iic_master.rate.rate_fastplus" value="1"/>
      <property id="config.bsp.fsp.mcu.sci_uart.cstpen_channels" value="0x0"/>
      <property id="config.bsp.fsp.mcu.gpt.pin_count_source_channels" value="0xFFFF"/>
      <property id="config.bsp.common.id_mode" value="config.bsp.common.id_mode.unlocked"/>
      <property id="config.bsp.common.id_code" value="FFFFFFFFFFFFFFFFFFFFFFFFFFFFFFFF"/>
      <property id="config.bsp.common.id1" value=""/>
      <property id="config.bsp.common.id2" value=""/>
      <property id="config.bsp.common.id3" value=""/>
      <property id="config.bsp.common.id4" value=""/>
      <property id="config.bsp.common.id_fixed" value=""/>
    </config>
    <config id="config.bsp.ra">
      <property id="config.bsp.common.main" value="0x400"/>
      <property id="config.bsp.common.heap" value="0"/>
      <property id="config.bsp.common.vcc" value="3300"/>
      <property id="config.bsp.common.checking" value="config.bsp.common.checking.disabled"/>
      <property id="config.bsp.common.assert" value="config.bsp.common.assert.none"/>
      <property id="config.bsp.common.error_log" value="config.bsp.common.error_log.none"/>
      <property id="config.bsp.common.soft_reset" value="config.bsp.common.soft_reset.disabled"/>
      <property id="config.bsp.common.main_osc_populated" value="config.bsp.common.main_osc_populated.enabled"/>
      <property id="config.bsp.common.pfs_protect" value="config.bsp.common.pfs_protect.enabled"/>
      <property id="config.bsp.common.c_runtime_init" value="config.bsp.common.c_runtime_init.enabled"/>
      <property id="config.bsp.common.early_init" value="config.bsp.common.early_init.disabled"/>
      <property id="config.bsp.common.main_osc_clock_source" value="config.bsp.common.main_osc_clock_source.crystal"/>
      <property id="config.bsp.common.subclock_populated" value="config.bsp.common.subclock_populated.enabled"/>
      <property id="config.bsp.common.subclock_drive" value="config.bsp.common.subclock_drive.standard"/>
      <property id="config.bsp.common.subclock_stabilization_ms" value="1000"/>
    </config>
  </raBspConfiguration>
  <raClockConfiguration>
    <node id="board.clock.xtal.freq" mul="24000000" option="_edit"/>
    <node id="board.clock.usbmclk.freq" option="board.clock.usbmclk.freq"/>
    <node id="board.clock.pll.source" option="board.clock.pll.source.xtal"/>
    <node id="board.clock.hoco.freq" option="board.clock.hoco.freq.20m"/>
    <node id="board.clock.loco.freq" option="board.clock.loco.freq.32768"/>
    <node id="board.clock.moco.freq" option="board.clock.moco.freq.8m"/>
    <node id="board.clock.subclk.freq" option="board.clock.subclk.freq.32768"/>
    <node id="board.clock.pll.div" option="board.clock.pll.div.2"/>
    <node id="board.clock.pll.mul" option="board.clock.pll.mul.200"/>
    <node id="board.clock.pll.display" option="board.clock.pll.display.value"/>
    <node id="board.clock.clock.source" option="board.clock.clock.source.pll"/>
    <node id="board.clock.iclk.div" option="board.clock.iclk.div.2"/>
    <node id="board.clock.iclk.display" option="board.clock.iclk.display.value"/>
    <node id="board.clock.pclka.div" option="board.clock.pclka.div.2"/>
    <node id="board.clock.pclka.display" option="board.clock.pclka.display.value"/>
    <node id="board.clock.pclkb.div" option="board.clock.pclkb.div.4"/>
    <node id="board.clock.pclkb.display" option="board.clock.pclkb.display.value"/>
    <node id="board.clock.pclkc.div" option="board.clock.pclkc.div.4"/>
    <node id="board.clock.pclkc.display" option="board.clock.pclkc.display.value"/>
    <node id="board.clock.pclkd.div" option="board.clock.pclkd.div.2"/>
    <node id="board.clock.pclkd.display" option="board.clock.pclkd.display.value"/>
    <node id="board.clock.sdclkout.div" option="board.clock.sdclkout.div.1"/>
    <node id="board.clock.sdclkout.display" option="board.clock.sdclkout.display.value"/>
    <node id="board.clock.bclk.div" option="board.clock.bclk.div.2"/>
    <node id="board.clock.bclk.display" option="board.clock.bclk.display.value"/>
    <node id="board.clock.bclkout.div" option="board.clock.bclkout.div.2"/>
    <node id="board.clock.bclkout.display" option="board.clock.bclkout.display.value"/>
    <node id="board.clock.uclk.div" option="board.clock.uclk.div.5"/>
    <node id="board.clock.uclk.display" option="board.clock.uclk.display.value"/>
    <node id="board.clock.fclk.div" option="board.clock.fclk.div.4"/>
    <node id="board.clock.fclk.display" option="board.clock.fclk.display.value"/>
    <node id="board.clock.clkout.source" option="board.clock.clkout.source.disabled"/>
    <node id="board.clock.clkout.div" option="board.clock.clkout.div.1"/>
    <node id="board.clock.clkout.display" option="board.clock.clkout.display.value"/>
  </raClockConfiguration>
  <raComponentSelection>
    <component apiversion="" class="Common" condition="" group="all" subgroup="fsp_common" variant="" vendor="Renesas" version="3.5.0">
      <description>Board Support Package Common Files</description>
      <originalPack>Renesas.RA.3.5.0.pack</originalPack>
    </component>
    <component apiversion="" class="HAL Drivers" condition="" group="all" subgroup="r_ioport" variant="" vendor="Renesas" version="3.5.0">
      <description>I/O Port</description>
      <originalPack>Renesas.RA.3.5.0.pack</originalPack>
    </component>
    <component apiversion="" class="CMSIS" condition="" group="CMSIS5" subgroup="CoreM" variant="" vendor="Arm" version="5.8.0+renesas.0.fsp.3.5.0">
      <description>Arm CMSIS Version 5 - Core (M)</description>
      <originalPack>Arm.CMSIS5.5.8.0+renesas.0.fsp.3.5.0.pack</originalPack>
    </component>
    <component apiversion="" class="BSP" condition="" group="ra6m3" subgroup="device" variant="R7FA6M3AH3CFC" vendor="Renesas" version="3.5.0">
      <description>Board support package for R7FA6M3AH3CFC</description>
      <originalPack>Renesas.RA_mcu_ra6m3.3.5.0.pack</originalPack>
    </component>
    <component apiversion="" class="BSP" condition="" group="ra6m3" subgroup="device" variant="" vendor="Renesas" version="3.5.0">
      <description>Board support package for RA6M3</description>
      <originalPack>Renesas.RA_mcu_ra6m3.3.5.0.pack</originalPack>
    </component>
    <component apiversion="" class="BSP" condition="" group="ra6m3" subgroup="fsp" variant="" vendor="Renesas" version="3.5.0">
      <description>Board support package for RA6M3 - FSP Data</description>
      <originalPack>Renesas.RA_mcu_ra6m3.3.5.0.pack</originalPack>
    </component>
    <component apiversion="" class="BSP" condition="" group="Board" subgroup="custom" variant="" vendor="Renesas" version="3.5.0">
      <description>Custom Board Support Files</description>
      <originalPack>Renesas.RA_board_custom.3.5.0.pack</originalPack>
    </component>
    <component apiversion="" class="HAL Drivers" condition="" group="all" subgroup="r_can" variant="" vendor="Renesas" version="3.5.0">
      <description>Controller Area Network</description>
      <originalPack>Renesas.RA.3.5.0.pack</originalPack>
    </component>
  </raComponentSelection>
  <raElcConfiguration/>
  <raIcuConfiguration/>
  <raModuleConfiguration>
    <module id="module.driver.ioport_on_ioport.0">
      <property id="module.driver.ioport.name" value="g_ioport"/>
      <property id="module.driver.ioport.elc_trigger_ioport1" value="_disabled"/>
      <property id="module.driver.ioport.elc_trigger_ioport2" value="_disabled"/>
      <property id="module.driver.ioport.elc_trigger_ioport3" value="_disabled"/>
      <property id="module.driver.ioport.elc_trigger_ioport4" value="_disabled"/>
      <property id="module.driver.ioport.elc_trigger_ioportb" value="_disabled"/>
      <property id="module.driver.ioport.elc_trigger_ioportc" value="_disabled"/>
      <property id="module.driver.ioport.elc_trigger_ioportd" value="_disabled"/>
      <property id="module.driver.ioport.elc_trigger_ioporte" value="_disabled"/>
      <property id="module.driver.ioport.pincfg" value="g_bsp_pin_cfg"/>
    </module>
    <module id="module.driver.can_on_can.478209069">
      <property id="module.driver.can.name" value="g_can0"/>
      <property id="module.driver.can.channel" value="1"/>
      <property id="module.driver.can.clock_source" value="module.driver.can.clock_source.canmclk"/>
      <property id="module.driver.can.sample_point" value="75"/>
      <property id="module.driver.can.baud_rate" value="500000"/>
      <property id="module.driver.can.override_baud_setting" value="module.driver.can.override_baud_setting.disabled"/>
      <property id="module.driver.can.baud_rate_prescaler" value="3"/>
      <property id="module.driver.can.time_segment_1" value="module.driver.can.time_segment_1.tq11"/>
      <property id="module.driver.can.time_segment_2" value="module.driver.can.time_segment_2.tq4"/>
      <property id="module.driver.can.sync_jump_width" value="module.driver.can.sync_jump_width.tq4"/>
      <property id="module.driver.can.p_callback" value="can_callback"/>
      <property id="module.driver.can.message_mode" value="module.driver.can.message_mode.overwrite"/>
      <property id="module.driver.can.global_id_mode" value="module.driver.can.global_id_mode.standard"/>
      <property id="module.driver.can.mailbox_count" value="module.driver.can.mailbox_count.32"/>
      <property id="module.driver.can.rxfifo_id1.id" value="0"/>
      <property id="module.driver.can.rxfifo_id2.id" value="0"/>
      <property id="module.driver.can.mailbox0_id" value="0"/>
      <property id="module.driver.can.mailbox1_id" value="1"/>
      <property id="module.driver.can.mailbox2_id" value="2"/>
      <property id="module.driver.can.mailbox3_id" value="3"/>
      <property id="module.driver.can.mailbox4_id" value="4"/>
      <property id="module.driver.can.mailbox5_id" value="5"/>
      <property id="module.driver.can.mailbox6_id" value="6"/>
      <property id="module.driver.can.mailbox7_id" value="7"/>
      <property id="module.driver.can.mailbox8_id" value="8"/>
      <property id="module.driver.can.mailbox9_id" value="9"/>
      <property id="module.driver.can.mailbox10_id" value="10"/>
      <property id="module.driver.can.mailbox11_id" value="11"/>
      <property id="module.driver.can.mailbox12_id" value="12"/>
      <property id="module.driver.can.mailbox13_id" value="13"/>
      <property id="module.driver.can.mailbox14_id" value="14"/>
      <property id="module.driver.can.mailbox15_id" value="15"/>
      <property id="module.driver.can.mailbox16_id" value="16"/>
      <property id="module.driver.can.mailbox17_id" value="17"/>
      <property id="module.driver.can.mailbox18_id" value="18"/>
      <property id="module.driver.can.mailbox19_id" value="19"/>
      <property id="module.driver.can.mailbox20_id" value="20"/>
      <property id="module.driver.can.mailbox21_id" value="21"/>
      <property id="module.driver.can.mailbox22_id" value="22"/>
      <property id="module.driver.can.mailbox23_id" value="23"/>
      <property id="module.driver.can.mailbox24_id" value="24"/>
      <property id="module.driver.can.mailbox25_id" value="25"/>
      <property id="module.driver.can.mailbox26_id" value="26"/>
      <property id="module.driver.can.mailbox27_id" value="27"/>
      <property id="module.driver.can.mailbox28_id" value="28"/>
      <property id="module.driver.can.mailbox29_id" value="29"/>
      <property id="module.driver.can.mailbox30_id" value="30"/>
      <property id="module.driver.can.mailbox31_id" value="31"/>
      <property id="module.driver.can.rxfifo_id1.id_mode" value="module.driver.can.rxfifo_id1.id_mode.standard"/>
      <property id="module.driver.can.rxfifo_id2.id_mode" value="module.driver.can.rxfifo_id2.id_mode.standard"/>
      <property id="module.driver.can.mailbox0_id_mode" value="module.driver.can.mailbox0_id_mode.standard"/>
      <property id="module.driver.can.mailbox1_id_mode" value="module.driver.can.mailbox1_id_mode.standard"/>
      <property id="module.driver.can.mailbox2_id_mode" value="module.driver.can.mailbox2_id_mode.standard"/>
      <property id="module.driver.can.mailbox3_id_mode" value="module.driver.can.mailbox3_id_mode.standard"/>
      <property id="module.driver.can.mailbox4_id_mode" value="module.driver.can.mailbox4_id_mode.standard"/>
      <property id="module.driver.can.mailbox5_id_mode" value="module.driver.can.mailbox5_id_mode.standard"/>
      <property id="module.driver.can.mailbox6_id_mode" value="module.driver.can.mailbox6_id_mode.standard"/>
      <property id="module.driver.can.mailbox7_id_mode" value="module.driver.can.mailbox7_id_mode.standard"/>
      <property id="module.driver.can.mailbox8_id_mode" value="module.driver.can.mailbox8_id_mode.standard"/>
      <property id="module.driver.can.mailbox9_id_mode" value="module.driver.can.mailbox9_id_mode.standard"/>
      <property id="module.driver.can.mailbox10_id_mode" value="module.driver.can.mailbox10_id_mode.standard"/>
      <property id="module.driver.can.mailbox11_id_mode" value="module.driver.can.mailbox11_id_mode.standard"/>
      <property id="module.driver.can.mailbox12_id_mode" value="module.driver.can.mailbox12_id_mode.standard"/>
      <property id="module.driver.can.mailbox13_id_mode" value="module.driver.can.mailbox13_id_mode.standard"/>
      <property id="module.driver.can.mailbox14_id_mode" value="module.driver.can.mailbox14_id_mode.standard"/>
      <property id="module.driver.can.mailbox15_id_mode" value="module.driver.can.mailbox15_id_mode.standard"/>
      <property id="module.driver.can.mailbox16_id_mode" value="module.driver.can.mailbox16_id_mode.standard"/>
      <property id="module.driver.can.mailbox17_id_mode" value="module.driver.can.mailbox17_id_mode.standard"/>
      <property id="module.driver.can.mailbox18_id_mode" value="module.driver.can.mailbox18_id_mode.standard"/>
      <property id="module.driver.can.mailbox19_id_mode" value="module.driver.can.mailbox19_id_mode.standard"/>
      <property id="module.driver.can.mailbox20_id_mode" value="module.driver.can.mailbox20_id_mode.standard"/>
      <property id="module.driver.can.mailbox21_id_mode" value="module.driver.can.mailbox21_id_mode.standard"/>
      <property id="module.driver.can.mailbox22_id_mode" value="module.driver.can.mailbox22_id_mode.standard"/>
      <property id="module.driver.can.mailbox23_id_mode" value="module.driver.can.mailbox23_id_mode.standard"/>
      <property id="module.driver.can.mailbox24_id_mode" value="module.driver.can.mailbox24_id_mode.standard"/>
      <property id="module.driver.can.mailbox25_id_mode" value="module.driver.can.mailbox25_id_mode.standard"/>
      <property id="module.driver.can.mailbox26_id_mode" value="module.driver.can.mailbox26_id_mode.standard"/>
      <property id="module.driver.can.mailbox27_id_mode" value="module.driver.can.mailbox27_id_mode.standard"/>
      <property id="module.driver.can.mailbox28_id_mode" value="module.driver.can.mailbox28_id_mode.standard"/>
      <property id="module.driver.can.mailbox29_id_mode" value="module.driver.can.mailbox29_id_mode.standard"/>
      <property id="module.driver.can.mailbox30_id_mode" value="module.driver.can.mailbox30_id_mode.standard"/>
      <property id="module.driver.can.mailbox31_id_mode" value="module.driver.can.mailbox31_id_mode.standard"/>
      <property id="module.driver.can.mailbox0_type" value="module.driver.can.mailbox0_type.transmit"/>
      <property id="module.driver.can.mailbox1_type" value="module.driver.can.mailbox1_type.receive"/>
      <property id="module.driver.can.mailbox2_type" value="module.driver.can.mailbox2_type.receive"/>
      <property id="module.driver.can.mailbox3_type" value="module.driver.can.mailbox3_type.receive"/>
      <property id="module.driver.can.mailbox4_type" value="module.driver.can.mailbox4_type.receive"/>
      <property id="module.driver.can.mailbox5_type" value="module.driver.can.mailbox5_type.receive"/>
      <property id="module.driver.can.mailbox6_type" value="module.driver.can.mailbox6_type.receive"/>
      <property id="module.driver.can.mailbox7_type" value="module.driver.can.mailbox7_type.receive"/>
      <property id="module.driver.can.mailbox8_type" value="module.driver.can.mailbox8_type.receive"/>
      <property id="module.driver.can.mailbox9_type" value="module.driver.can.mailbox9_type.receive"/>
      <property id="module.driver.can.mailbox10_type" value="module.driver.can.mailbox10_type.receive"/>
      <property id="module.driver.can.mailbox11_type" value="module.driver.can.mailbox11_type.receive"/>
      <property id="module.driver.can.mailbox12_type" value="module.driver.can.mailbox12_type.receive"/>
      <property id="module.driver.can.mailbox13_type" value="module.driver.can.mailbox13_type.receive"/>
      <property id="module.driver.can.mailbox14_type" value="module.driver.can.mailbox14_type.receive"/>
      <property id="module.driver.can.mailbox15_type" value="module.driver.can.mailbox15_type.receive"/>
      <property id="module.driver.can.mailbox16_type" value="module.driver.can.mailbox16_type.receive"/>
      <property id="module.driver.can.mailbox17_type" value="module.driver.can.mailbox17_type.receive"/>
      <property id="module.driver.can.mailbox18_type" value="module.driver.can.mailbox18_type.receive"/>
      <property id="module.driver.can.mailbox19_type" value="module.driver.can.mailbox19_type.receive"/>
      <property id="module.driver.can.mailbox20_type" value="module.driver.can.mailbox20_type.receive"/>
      <property id="module.driver.can.mailbox21_type" value="module.driver.can.mailbox21_type.receive"/>
      <property id="module.driver.can.mailbox22_type" value="module.driver.can.mailbox22_type.receive"/>
      <property id="module.driver.can.mailbox23_type" value="module.driver.can.mailbox23_type.receive"/>
      <property id="module.driver.can.mailbox24_type" value="module.driver.can.mailbox24_type.receive"/>
      <property id="module.driver.can.mailbox25_type" value="module.driver.can.mailbox25_type.receive"/>
      <property id="module.driver.can.mailbox26_type" value="module.driver.can.mailbox26_type.receive"/>
      <property id="module.driver.can.mailbox27_type" value="module.driver.can.mailbox27_type.receive"/>
      <property id="module.driver.can.mailbox28_type" value="module.driver.can.mailbox28_type.receive"/>
      <property id="module.driver.can.mailbox29_type" value="module.driver.can.mailbox29_type.receive"/>
      <property id="module.driver.can.mailbox30_type" value="module.driver.can.mailbox30_type.receive"/>
      <property id="module.driver.can.mailbox31_type" value="module.driver.can.mailbox31_type.receive"/>
      <property id="module.driver.can.rxfifo_id1.frame_type" value="module.driver.can.rxfifo_id1.frame_type.remote"/>
      <property id="module.driver.can.rxfifo_id2.frame_type" value="module.driver.can.rxfifo_id2.frame_type.remote"/>
      <property id="module.driver.can.mailbox0_frame_type" value="module.driver.can.mailbox0_frame_type.remote"/>
      <property id="module.driver.can.mailbox1_frame_type" value="module.driver.can.mailbox1_frame_type.data"/>
      <property id="module.driver.can.mailbox2_frame_type" value="module.driver.can.mailbox2_frame_type.data"/>
      <property id="module.driver.can.mailbox3_frame_type" value="module.driver.can.mailbox3_frame_type.data"/>
      <property id="module.driver.can.mailbox4_frame_type" value="module.driver.can.mailbox4_frame_type.data"/>
      <property id="module.driver.can.mailbox5_frame_type" value="module.driver.can.mailbox5_frame_type.data"/>
      <property id="module.driver.can.mailbox6_frame_type" value="module.driver.can.mailbox6_frame_type.data"/>
      <property id="module.driver.can.mailbox7_frame_type" value="module.driver.can.mailbox7_frame_type.data"/>
      <property id="module.driver.can.mailbox8_frame_type" value="module.driver.can.mailbox8_frame_type.data"/>
      <property id="module.driver.can.mailbox9_frame_type" value="module.driver.can.mailbox9_frame_type.data"/>
      <property id="module.driver.can.mailbox10_frame_type" value="module.driver.can.mailbox10_frame_type.data"/>
      <property id="module.driver.can.mailbox11_frame_type" value="module.driver.can.mailbox11_frame_type.data"/>
      <property id="module.driver.can.mailbox12_frame_type" value="module.driver.can.mailbox12_frame_type.data"/>
      <property id="module.driver.can.mailbox13_frame_type" value="module.driver.can.mailbox13_frame_type.data"/>
      <property id="module.driver.can.mailbox14_frame_type" value="module.driver.can.mailbox14_frame_type.data"/>
      <property id="module.driver.can.mailbox15_frame_type" value="module.driver.can.mailbox15_frame_type.data"/>
      <property id="module.driver.can.mailbox16_frame_type" value="module.driver.can.mailbox16_frame_type.data"/>
      <property id="module.driver.can.mailbox17_frame_type" value="module.driver.can.mailbox17_frame_type.data"/>
      <property id="module.driver.can.mailbox18_frame_type" value="module.driver.can.mailbox18_frame_type.data"/>
      <property id="module.driver.can.mailbox19_frame_type" value="module.driver.can.mailbox19_frame_type.data"/>
      <property id="module.driver.can.mailbox20_frame_type" value="module.driver.can.mailbox20_frame_type.data"/>
      <property id="module.driver.can.mailbox21_frame_type" value="module.driver.can.mailbox21_frame_type.data"/>
      <property id="module.driver.can.mailbox22_frame_type" value="module.driver.can.mailbox22_frame_type.data"/>
      <property id="module.driver.can.mailbox23_frame_type" value="module.driver.can.mailbox23_frame_type.data"/>
      <property id="module.driver.can.mailbox24_frame_type" value="module.driver.can.mailbox24_frame_type.data"/>
      <property id="module.driver.can.mailbox25_frame_type" value="module.driver.can.mailbox25_frame_type.data"/>
      <property id="module.driver.can.mailbox26_frame_type" value="module.driver.can.mailbox26_frame_type.data"/>
      <property id="module.driver.can.mailbox27_frame_type" value="module.driver.can.mailbox27_frame_type.data"/>
      <property id="module.driver.can.mailbox28_frame_type" value="module.driver.can.mailbox28_frame_type.data"/>
      <property id="module.driver.can.mailbox29_frame_type" value="module.driver.can.mailbox29_frame_type.data"/>
      <property id="module.driver.can.mailbox30_frame_type" value="module.driver.can.mailbox30_frame_type.data"/>
      <property id="module.driver.can.mailbox31_frame_type" value="module.driver.can.mailbox31_frame_type.data"/>
      <property id="module.driver.can.rxfifo_id1.mask" value="0x1FFFFFFF"/>
      <property id="module.driver.can.rxfifo_id2.mask" value="0x1FFFFFFF"/>
      <property id="module.driver.can.mailbox_0_to_3_group_mask" value="0x1FFFFFFF"/>
      <property id="module.driver.can.mailbox_4_to_7_group_mask" value="0x1FFFFFFF"/>
      <property id="module.driver.can.mailbox_8_to_11_group_mask" value="0x1FFFFFFF"/>
      <property id="module.driver.can.mailbox_12_to_15_group_mask" value="0x1FFFFFFF"/>
      <property id="module.driver.can.mailbox_16_to_19_group_mask" value="0x1FFFFFFF"/>
      <property id="module.driver.can.mailbox_20_to_23_group_mask" value="0x1FFFFFFF"/>
      <property id="module.driver.can.mailbox_24_to_27_group_mask" value="0x1FFFFFFF"/>
      <property id="module.driver.can.mailbox_28_to_31_group_mask" value="0x1FFFFFFF"/>
      <property id="module.driver.can.ipl" value="board.icu.common.irq.priority12"/>
      <property id="module.driver.can.txfifo_int_mode" value="module.driver.can.txfifo_int_mode.every_frame"/>
    </module>
    <context id="_hal.0">
      <stack module="module.driver.ioport_on_ioport.0"/>
      <stack module="module.driver.can_on_can.478209069"/>
    </context>
    <config id="config.driver.ioport">
      <property id="config.driver.ioport.checking" value="config.driver.ioport.checking.system"/>
    </config>
    <config id="config.driver.can">
      <property id="config.driver.can.param_checking_enable" value="config.driver.can.param_checking_enable.bsp"/>
      <property id="config.driver.can.fifo_support" value="config.driver.can.fifo_support.disabled"/>
    </config>
  </raModuleConfiguration>
  <raPinConfiguration>
    <pincfg active="true" name="R7FA6M3AH3CFC.pincfg" selected="true" symbol="g_bsp_pin_cfg">
      <configSetting altId="can1.crx.p511" configurationId="can1.crx"/>
      <configSetting altId="can1.ctx.p512" configurationId="can1.ctx"/>
      <configSetting altId="can1.mode.enabled.free" configurationId="can1.mode"/>
      <configSetting altId="debug0.mode.jtag" configurationId="debug0.mode"/>
      <configSetting altId="debug0.tck.p300" configurationId="debug0.tck"/>
      <configSetting altId="debug0.tdi.p110" configurationId="debug0.tdi"/>
      <configSetting altId="debug0.tdo.p109" configurationId="debug0.tdo"/>
      <configSetting altId="debug0.tms.p108" configurationId="debug0.tms"/>
      <configSetting altId="p108.debug0.tms" configurationId="p108"/>
      <configSetting altId="p108.gpio_mode.gpio_mode_peripheral" configurationId="p108.gpio_mode"/>
      <configSetting altId="p109.debug0.tdo" configurationId="p109"/>
      <configSetting altId="p109.gpio_mode.gpio_mode_peripheral" configurationId="p109.gpio_mode"/>
      <configSetting altId="p110.debug0.tdi" configurationId="p110"/>
      <configSetting altId="p110.gpio_mode.gpio_mode_peripheral" configurationId="p110.gpio_mode"/>
      <configSetting altId="p300.debug0.tck" configurationId="p300"/>
      <configSetting altId="p300.gpio_mode.gpio_mode_peripheral" configurationId="p300.gpio_mode"/>
      <configSetting altId="p511.can1.crx" configurationId="p511"/>
      <configSetting altId="p511.gpio_mode.gpio_mode_peripheral" configurationId="p511.gpio_mode"/>
      <configSetting altId="p512.can1.ctx" configurationId="p512"/>
      <configSetting altId="p512.gpio_mode.gpio_mode_peripheral" configurationId="p512.gpio_mode"/>
    </pincfg>
  </raPinConfiguration>
</raConfiguration>
